cust_id,gener
3500,0.4996029844315831
3501,0.1640471700729771
3502,0.11890939811845282
3503,0.3519018144797033
3504,0.4054979608626078
3505,0.3136040476584394
3506,0.09368022170256778
3507,0.42059085571630767
3508,0.34946783663987974
3509,0.3750877418589274
3510,0.3416479596801367
3511,0.5374256161651815
3512,0.4075584230464118
3513,0.3770478892807201
3514,0.43448233471420106
3515,0.4114087801180633
3516,0.25730408322332654
3517,0.3240119903749511
3518,0.3918037050914499
3519,0.45816949790733275
3520,0.46672353998998156
3521,0.43474825375817094
3522,0.4735707534926373
3523,0.13565358268153402
3524,0.4176695511943134
3525,0.5918836859250268
3526,0.380531281293966
3527,0.46328096260271867
3528,0.45746256246817085
3529,0.35092968329792606
3530,0.277589079171211
3531,0.43118160096232233
3532,0.30393048897148645
3533,0.35637028598842363
3534,0.44614951778267004
3535,0.39322042385058176
3536,0.44227376210740327
3537,0.4157942896617684
3538,0.4574809551510695
3539,0.3619285466999929
3540,0.24448579328211606
3541,0.2554277677201408
3542,0.5215324610579835
3543,0.2914257333231787
3544,0.3843577769708583
3545,0.4405921676727655
3546,0.2821077368098541
3547,0.10408818433978835
3548,0.4933042157807977
3549,0.3216574912584337
3550,0.3474894243538416
3551,0.4330048575232139
3552,0.3923136143484821
3553,0.4085544648135934
3554,0.3400137133588137
3555,0.25538615090931255
3556,0.3649906445157615
3557,0.3534716753059878
3558,0.2838982631449687
3559,0.3225983068692768
3560,0.47128225320960354
3561,0.4252230775721003
3562,0.36400368191140625
3563,0.35540793536033294
3564,0.5100157105392025
3565,0.43714543289596547
3566,0.17412284060409303
3567,0.4409227412168718
3568,0.39559341646039387
3569,0.5053749376323389
3570,0.35576783258182365
3571,0.4288325931374063
3572,0.5368161213467961
3573,0.3463489936242313
3574,0.3965668903656173
3575,0.5886270868785474
3576,0.32188911210733234
3577,0.29220470153306743
3578,0.37642064890170474
3579,0.25236294397647546
3580,0.47387252264299595
3581,0.592860972815258
3582,0.5508503680741491
3583,0.32654341397414943
3584,0.47446884512122117
3585,0.2883285284603731
3586,0.08329415926883697
3587,0.22970460134192008
3588,0.37998944224171927
3589,0.40603052595078026
3590,0.43414222830822047
3591,0.3690854815611642
3592,0.4192775075507344
3593,0.43177443196921594
3594,0.40057347599533516
3595,0.5074139376188617
3596,0.4340130001354486
3597,0.2182602254576113
3598,0.41489563109017763
3599,0.4585044090301058
3600,0.45000179435602977
3601,0.32009217670332385
3602,0.3705076335525908
3603,0.2723962055899174
3604,0.4231167473917121
3605,0.4933033623264087
3606,0.510773435383678
3607,0.4145140214761364
3608,0.42848075209190356
3609,0.42167243374816216
3610,0.3589452318757633
3611,0.5196844075396339
3612,0.47129878641707335
3613,0.3001257379295791
3614,0.5195763489692727
3615,0.3530662311779697
3616,0.37522172745824806
3617,0.47939552966945026
3618,0.3353515373772962
3619,0.2800309635142889
3620,0.0402791363519318
3621,0.4811264787396691
3622,0.4367715840970283
3623,0.5053874281143187
3624,0.34142583978322294
3625,0.4526487069709427
3626,0.40671823552536557
3627,0.27479327145688504
3628,0.49589073086524343
3629,0.43601969470350105
3630,0.4267515035024824
3631,0.5811176327839984
3632,0.4291538988906805
3633,0.20468430827973758
3634,0.27391439004796153
3635,0.3385249501372677
3636,0.536637026318669
3637,0.454522528685212
3638,0.21245359960650503
3639,0.5246818547661398
3640,0.3966513873069901
3641,0.3000871034014175
3642,0.450255038351889
3643,0.3366652328579195
3644,0.4541789218658444
3645,0.3235854147595958
3646,0.3815758949787906
3647,0.4323931096738299
3648,0.5482413213056762
3649,0.41380353864798075
3650,0.45557991731895986
3651,0.4611379306798192
3652,0.36991068528259996
3653,0.36100718131498305
3654,0.387035739323558
3655,0.4481814599481487
3656,0.43267144203201674
3657,0.3757286868184474
3658,0.27022639008953586
3659,0.28549041560495975
3660,0.35876377940277615
3661,0.406606219467595
3662,0.28348224148559575
3663,0.3578708399477706
3664,0.5263984911930126
3665,0.45724388589069753
3666,0.4862812800914052
3667,0.24142181874220858
3668,0.38505299238080004
3669,0.5096568999216551
3670,0.28737170687471003
3671,0.6029011714148066
3672,0.3070662236546471
3673,0.47052735849846444
3674,0.4822792228503788
3675,0.286703495880014
3676,0.3866048041651205
3677,0.5573441226979977
3678,0.32687168914357245
3679,0.4208000302108406
3680,0.365059670886191
3681,0.37966708553721185
3682,0.4258740840816027
3683,0.22994206759092853
3684,0.24257770396281267
3685,0.3682081230457585
3686,0.3221434956277358
3687,0.3141208582956874
3688,0.3771103944951839
3689,0.4178460694744606
3690,0.3822203871163257
3691,0.2860461400873924
3692,0.13497754432426148
3693,0.3841711526507889
3694,0.2102929352090795
3695,0.45243585602708536
3696,0.5320233486100999
3697,0.42264101427588197
3698,0.23225512686824945
3699,0.41743225307346665
3700,0.3680630439026529
3701,0.3055436045944172
3702,0.42613124518545115
3703,0.37883314996216755
3704,0.4727993449605281
3705,0.534511657389392
3706,0.38320491426562536
3707,0.3518484644738639
3708,0.2883947839478298
3709,0.35910264538948977
3710,0.4039743837731781
3711,0.34138390189642337
3712,0.4531736839300102
3713,0.09911387871171487
3714,0.43430394924283666
3715,0.16773432309973987
3716,0.39719857692755817
3717,0.46479819972946407
3718,0.26206470467041004
3719,0.39645000634012173
3720,0.43439075003256544
3721,0.5836760763183502
3722,0.29856064563868306
3723,0.37776679812742897
3724,0.3947751841100824
3725,0.4031042571384766
3726,0.3866694848654128
3727,0.396880155055047
3728,0.47083107402556373
3729,0.45311499346192347
3730,0.3042430131238129
3731,0.4267602435405909
3732,0.36604192989580653
3733,0.4387290022891009
3734,0.32871466391424564
3735,0.3099316089009753
3736,0.41577475737148334
3737,0.5198858921179851
3738,0.3600737036739351
3739,0.45922660941250765
3740,0.4282402189982977
3741,0.47244239646858727
3742,0.42722133679010543
3743,0.3453432536796579
3744,0.3666895341093467
3745,0.36675477406716234
3746,0.42543644213340814
3747,0.39540241173400453
3748,0.26897678433693695
3749,0.46170601587754667
3750,0.3820897425446548
3751,0.4138831100949731
3752,0.2962511842303137
3753,0.580272243009887
3754,0.3935966076802946
3755,0.5380717597647208
3756,0.47442858498747875
3757,0.46021361479314465
3758,0.4172071081775573
3759,0.4472907982475988
3760,0.20202605338549767
3761,0.42009277131490597
3762,0.3799879757167578
3763,0.2818984254772446
3764,0.48616993201069025
3765,0.012352274453176344
3766,0.3634347909796204
3767,0.4534520370728969
3768,0.33182308574566494
3769,0.43164610065621084
3770,0.5408862269420807
3771,0.28163417779953454
3772,0.4438430530674415
3773,0.4235074064521453
3774,0.38583636145737954
3775,0.42778488440783347
3776,0.5697669627353602
3777,0.34294574528856653
3778,0.3383800422820485
3779,0.35422065515646184
3780,0.35736695960397913
3781,0.42294913805259005
3782,0.4450391249828651
3783,0.39541602163986767
3784,0.3267281973371674
3785,0.4890499610156139
3786,0.4464158831843429
3787,0.4567537330788222
3788,0.35577822526586533
3789,0.276044893065137
3790,0.17470742482076812
3791,0.3187076886890416
3792,0.4405950515567953
3793,0.5038132193797022
3794,0.4085782401492411
3795,0.41872425032488175
3796,0.1172891202059637
3797,0.5118309501751398
3798,0.31803935504713127
3799,0.35440350595388237
3800,0.1704630302643978
3801,0.12351855178813813
3802,0.3942019286612171
3803,0.2891709507926568
3804,0.3816914662897578
3805,0.5009157430242933
3806,0.39389398092462746
3807,0.19035397021735925
3808,0.4821406918670002
3809,0.22170417019059704
3810,0.3512802058572961
3811,0.5245048201857109
3812,0.45944725776512313
3813,0.37409257740830176
3814,0.32531821754935036
3815,0.43993348091798495
3816,0.4733483110791415
3817,0.26448948408104156
3818,0.44043231601869587
3819,0.4594558878908566
3820,0.4147334908018632
3821,0.5068393028775006
3822,0.38982015403333214
3823,0.3258875620131705
3824,0.3588156400846332
3825,0.4020639698799974
3826,0.4273309479056375
3827,0.39421546117417017
3828,0.18444160144824007
3829,0.422886139090844
3830,0.46058681727560624
3831,0.3091219328260957
3832,0.3332980575599896
3833,0.24779118656977023
3834,0.41417856465345615
3835,0.2963529245852538
3836,0.07102766443125184
3837,0.3082870965338918
3838,0.4649249155418183
3839,0.4541351788506074
3840,0.30870136853365265
3841,0.3053971929298692
3842,0.3874222787963461
3843,0.24015093512982316
3844,0.48237172832486613
3845,0.0942720967973122
3846,0.28065975043014163
3847,0.3918645931803321
3848,0.42958875550874126
3849,0.5382467013394692
3850,0.2806622628594605
3851,0.23697827034856947
3852,0.4048610797828661
3853,0.5387165606371223
3854,0.38933694369508864
3855,0.30437420033274903
3856,0.5061223138654981
3857,0.3223001733118691
3858,0.3317222628204283
3859,0.36119909953259954
3860,0.4937481532543986
3861,0.35879923210508236
3862,0.44809894543344664
3863,0.4461173232356322
3864,0.3918730724346999
3865,0.3571641934421189
3866,0.4143474167357913
3867,0.40721383992707927
3868,0.3850412042505037
3869,0.38558835696894306
3870,0.21009425679636207
3871,0.4450117431020829
3872,0.4232675035255274
3873,0.4443634023062408
3874,0.4458506023538113
3875,0.3118951717397545
3876,0.44072958973102255
3877,0.26893775439278444
3878,0.41812092325993494
3879,0.4824258605526306
3880,0.39014829266946793
3881,0.22866712626447358
3882,0.4075790095204853
3883,0.31899223217005834
3884,0.25301217076490223
3885,0.47802004566087686
3886,0.549074993662892
3887,0.3449188088260815
3888,0.434015292777223
3889,0.3425138598000046
3890,0.4491472641169955
3891,0.310568349908666
3892,0.2775338479566285
3893,0.26090195869381977
3894,0.3136034712128689
3895,0.04204902071112883
3896,0.22437132652031502
3897,0.3212608936472723
3898,0.4760810407284866
3899,0.39249446025846274
3900,0.4788867927355602
3901,0.43507080481284505
3902,0.4156639202974831
3903,0.2941220216747722
3904,0.32552717343674775
3905,0.40572458263779015
3906,0.38762488669209405
3907,0.0598654357697633
3908,0.39184625478142315
3909,0.48542469061137844
3910,0.3504671639204546
3911,0.19828645036353337
3912,0.5413003322294273
3913,0.40377692023312667
3914,0.2941240965942715
3915,0.24157525715336733
3916,0.40676344019241173
3917,0.3590297065326416
3918,0.47437839915825697
3919,0.2580745795034982
3920,0.4243020669823541
3921,0.4636947422858658
3922,0.4720485657053887
3923,0.6005745934502404
3924,0.44120015387293704
3925,0.20451074013875978
3926,0.41061557399496085
3927,0.22176863526522803
3928,0.4354666269269934
3929,0.42996915709233025
3930,0.43052356983334067
3931,0.32224841018360295
3932,0.46000122851528763
3933,0.4349884837652831
3934,0.31882579176499454
3935,0.18768317048519878
3936,0.019120333077339246
3937,0.017656189464404896
3938,0.48144065796137725
3939,0.349030812590276
3940,0.4007439101203345
3941,0.40355730557663744
3942,0.1846243129486697
3943,0.25003648080558877
3944,0.2697203671511807
3945,0.4444196490584851
3946,0.3985290311341047
3947,0.19576577134751835
3948,0.2767036319418553
3949,0.4776777098521341
3950,0.4110503834964002
3951,0.42070499617789237
3952,0.4281509867263942
3953,0.41495852735189226
3954,0.4513708187359281
3955,0.428214712796963
3956,0.43249587475346324
3957,0.2943516504005047
3958,0.45580531455806245
3959,0.36047360650319415
3960,0.48871651065957483
3961,0.47144541463588124
3962,0.5152194578391904
3963,0.3002184809170026
3964,0.4717895089103471
3965,0.546509085592364
3966,0.1761479107808691
3967,0.37115613104455175
3968,0.47552640228020376
3969,0.3005562212014887
3970,0.32910568081928676
3971,0.08690016177928415
3972,0.4179042632737853
3973,0.5771743945054478
3974,0.41621332121790133
3975,0.5457182888585276
3976,0.4947521680226218
3977,0.4025674219733166
3978,0.3930345655309634
3979,0.4372134436242189
3980,0.3178186591579668
3981,0.2796717986432912
3982,0.40132922126566667
3983,0.3410118117950616
3984,0.38064227315935184
3985,0.2632774002713094
3986,0.16537557972482742
3987,0.025218827659632098
3988,0.27804200785578304
3989,0.5192156924781984
3990,0.27730705490191965
3991,0.4077172073174828
3992,0.3004224047077287
3993,0.35980708786567367
3994,0.22195723204169657
3995,0.44729219071951015
3996,0.3934716651191542
3997,0.27391288629849814
3998,0.528246647903562
3999,0.5671639263092145
4000,0.3808325330533736
4001,0.27312896386357904
4002,0.4263685114800606
4003,0.34257294456230597
4004,0.445491266488003
4005,0.2602500616623802
4006,0.4052350529425749
4007,0.4113208073712535
4008,0.31910192674934845
4009,0.44320336911691505
4010,0.32591897085255106
4011,0.35577398618074935
4012,0.36794872461423933
4013,0.3515740018851433
4014,0.3369130155729288
4015,0.3084636180429317
4016,0.3986048656767603
4017,0.44789514075638576
4018,0.4131047714798814
4019,0.4379900600902131
4020,0.2570559524685692
4021,0.388208612987983
4022,0.5173560841401429
4023,0.43008632568578703
4024,0.4746219115124995
4025,0.3813449047557398
4026,0.5241329688758343
4027,0.4141227998900747
4028,0.4256136947132563
4029,0.19164318641590955
4030,0.21376323166308742
4031,0.3954331994129505
4032,0.3966460932408814
4033,0.4766209760696545
4034,0.28512626959354853
4035,0.38537742750625964
4036,0.43267818448614087
4037,0.30283984654454915
4038,0.2877722520371886
4039,0.27000607298467
4040,0.45634380274863057
4041,0.4588146840137738
4042,0.2984241804575108
4043,0.37771318756558986
4044,0.43753061149859857
4045,0.5831860530064714
4046,0.40619173854599583
4047,0.3161140461813215
4048,0.40673688928393764
4049,0.4054003075848854
4050,0.2574442259590657
4051,0.35888880090781977
4052,0.2534099010036947
4053,0.36341707439522547
4054,0.4224819169808593
4055,0.5138578109567994
4056,0.4180615515056805
4057,0.4367230579885156
4058,0.45540988913045816
4059,0.4567011038283669
4060,0.4035702854345221
4061,0.3084730643194465
4062,0.46403092721329725
4063,0.3217575984054591
4064,0.407262129852366
4065,0.48592977572673896
4066,0.38479693303467205
4067,0.13650898059735805
4068,0.31329252255260415
4069,0.3752330140161229
4070,0.33227584617135353
4071,0.4804788523980851
4072,0.3732924779895514
4073,0.16156878596990246
4074,0.28647235586943687
4075,0.39519476796728326
4076,0.37733374472512676
4077,0.3924911929458232
4078,0.37737590559306394
4079,0.47312715430143176
4080,0.40458959853246756
4081,0.19032808380950217
4082,0.39742935145674035
4083,0.4719847539261073
4084,0.48236721353804546
4085,0.4470506912001891
4086,0.4333825166778903
4087,0.3853439154160884
4088,0.42065952517974653
4089,0.2835446147736084
4090,0.395731304936703
4091,0.41142346955735565
4092,0.2764159741935045
4093,0.44860111634877636
4094,0.38878203767064784
4095,0.16387239689667152
4096,0.43688705158271257
4097,0.5265083134158086
4098,0.35698428440702673
4099,0.46944513141022454
4100,0.4466361477444234
4101,0.5157091651336453
4102,0.24604389299056403
4103,0.08391221603400788
4104,0.11874290852657508
4105,0.5081117734896006
4106,0.14959937643304796
4107,0.3360757845202981
4108,0.34593389579554723
4109,0.3611524409669154
4110,0.3434169978125855
4111,0.47629958280045714
4112,0.41361941728958285
4113,0.3970716131043908
4114,0.43478038934967456
4115,0.45265440300048676
4116,0.4268885486257651
4117,0.3808327027228884
4118,0.35792809482066845
4119,0.4000854447367927
4120,0.2698685258818079
4121,0.41486892789197927
4122,0.4706854832618786
4123,0.3908987569651674
4124,0.5661075775429646
4125,0.40471887473179835
4126,0.18698750027852978
4127,0.3486861361602475
4128,0.24493491203101925
4129,0.4246444553308902
4130,0.31741131097093905
4131,0.4538621902996134
4132,0.34991413831594764
4133,0.3110429633226381
4134,0.41572630517733916
4135,0.3714519921855062
4136,0.47060854215484416
4137,0.34267766396521077
4138,0.43577765960002
4139,0.3196936862363219
4140,0.45074709042837524
4141,0.298044086101901
4142,0.3036471458353727
4143,0.3107983873304341
4144,0.44830952257823176
4145,0.4599584568675919
4146,0.4268339899303747
4147,0.4195564437316308
4148,0.44646146130835224
4149,0.41129076476527787
4150,0.37215492498355646
4151,0.448526510009924
4152,0.4773855332385019
4153,0.40917107001407743
4154,0.4404329360133745
4155,0.3955810128263894
4156,0.06081262763408435
4157,0.38355823248175197
4158,0.3746892057052498
4159,0.2877162850495312
4160,0.45767479982499937
4161,0.3517273282488001
4162,0.4000675929659148
4163,0.3852999719162525
4164,0.5379323201598892
4165,0.4943357856177228
4166,0.39780725262212974
4167,0.47967868726778307
4168,0.38915771080305356
4169,0.35490744609487657
4170,0.4164690140913348
4171,0.39501003243567995
4172,0.38739639906166107
4173,0.4676791529010587
4174,0.45744316548156716
4175,0.41225555211267473
4176,0.4504220794161001
4177,0.2833420971916691
4178,0.39023012360898246
4179,0.1323001326577874
4180,0.3417736966882749
4181,0.16060151330669284
4182,0.44635155727794174
4183,0.31104476808116077
4184,0.2354550879847101
4185,0.2479115676615969
4186,0.3223706664315636
4187,0.0568335574475991
4188,0.5526671585163906
4189,0.5112673731391638
4190,0.12569824282982392
4191,0.32619366938610134
4192,0.4993825400835502
4193,0.40768859595967005
4194,0.4024492807345941
4195,0.5917924617607101
4196,0.5416671101394603
4197,0.3996925838068854
4198,0.35166015174586973
4199,0.36928665682408945
4200,0.424891500263375
4201,0.4444742158014644
4202,0.24399961301210565
4203,0.395733607116119
4204,0.4641603162507988
4205,0.2098053690640371
4206,0.4464204392729871
4207,0.3448510550238621
4208,0.3939737459588211
4209,0.44920147879981903
4210,0.39819008515255266
4211,0.4348177743282055
4212,0.47538947074302457
4213,0.37720600525332487
4214,0.37231629172654407
4215,0.36747919556343356
4216,0.47092735638092204
4217,0.3609346166371792
4218,0.3892506828822033
4219,0.44454067508270084
4220,0.48613412572790793
4221,0.39814276216196204
4222,0.4531924375671627
4223,0.1963418555542215
4224,0.30873506896836816
4225,0.39589982214414604
4226,0.46980497098049595
4227,0.4154833768197094
4228,0.4621741845605757
4229,0.40038982859275507
4230,0.3611886861417265
4231,0.4602855726673284
4232,0.40767774426511216
4233,0.14181136005012548
4234,0.3552889990848888
4235,0.35544490483059893
4236,0.36185212093559793
4237,0.46936428799331364
4238,0.36865010840176354
4239,0.40251583395772994
4240,0.3122246323600269
4241,0.06592265108424376
4242,0.3042618656507777
4243,0.22616457966431117
4244,0.3958897044263254
4245,0.3402189146623611
4246,0.5544987274728695
4247,0.48552465255208715
4248,0.24685984469725594
4249,0.37596419886168536
4250,0.26875065788916563
4251,0.4281302074057198
4252,0.25941700879913493
4253,0.4314986497204925
4254,0.40818449818375613
4255,0.3143774632362877
4256,0.20823726519632457
4257,0.4025483391214101
4258,0.5247402967594338
4259,0.5743254543922826
4260,0.5547738855093491
4261,0.1106418760168818
4262,0.35181823426925846
4263,0.3317295824385068
4264,0.41097719087242074
4265,0.22907168514199133
4266,0.5083578324825241
4267,0.2720534775381882
4268,0.16633603154610443
4269,0.32703030548603756
4270,0.4075407073814973
4271,0.37317476880559663
4272,0.13132355758261213
4273,0.46398836851269354
4274,0.5146891969285572
4275,0.4047374879700408
4276,0.39902793926000035
4277,0.4916413213715909
4278,0.31903140923456963
4279,0.4518120243331922
4280,0.3490362422572973
4281,0.3555529899022624
4282,0.24755903437010962
4283,0.41380028710462546
4284,0.5444728779471055
4285,0.39724765067468965
4286,0.4366600024032562
4287,0.36920186538017813
4288,0.35866597433458325
4289,0.4429451738508722
4290,0.31395299225330786
4291,0.367120205367077
4292,0.4315239632552845
4293,0.40852698884449046
4294,8.207272211190789e-05
4295,0.35737401593087553
4296,0.5478147350777036
4297,0.39785698938835584
4298,0.24040108588590373
4299,0.4181500678144057
4300,0.050342432321036266
4301,0.3312577175780831
4302,0.26347750581376267
4303,0.1510767093174356
4304,0.3136101757498312
4305,0.49671784216084747
4306,0.335545782814414
4307,0.1405426673520959
4308,0.3765400421097759
4309,0.3007115106999627
4310,0.3676833188610688
4311,0.5211211298446242
4312,0.384454668471103
4313,0.4014143786161931
4314,0.3496962661290961
4315,0.4185720625624483
4316,0.5033785268048452
4317,0.3866148231183454
4318,0.2745564209382376
4319,0.42889141603821507
4320,0.40419975530509883
4321,0.3693956501507815
4322,0.3349234192362726
4323,0.35451800523953747
4324,0.4250919829636512
4325,0.4433377364549192
4326,0.41382656373277144
4327,0.38771896522665394
4328,0.3600783851311777
4329,0.37352174980529307
4330,0.43739347485927377
4331,0.4216398138786669
4332,0.4215005154957618
4333,0.3435715589310214
4334,0.356708421679621
4335,0.17195763962662783
4336,0.4707153004767858
4337,0.4582922538493977
4338,0.5435689461747635
4339,0.3285713891429637
4340,0.15301180801633313
4341,0.41340971959013
4342,0.5151455324524326
4343,0.15650013314312136
4344,0.49606843594092115
4345,0.3081201518767259
4346,0.17760464960601202
4347,0.3894432363805559
4348,0.49426463745703364
4349,0.45945646134026985
4350,0.1481647919399323
4351,0.2494368750290897
4352,0.4150179761473404
4353,0.3523121482262813
4354,0.3178045349871204
4355,0.30023008632379694
4356,0.3469479928582335
4357,0.39071150992867326
4358,0.38310381261947346
4359,0.4023522310340503
4360,0.515230489135523
4361,0.47031501493435335
4362,0.36676255528693885
4363,0.42054700746336027
4364,0.3636401031503724
4365,0.3783812332702065
4366,0.33849764889082135
4367,0.3777572493925472
4368,0.24638937269108382
4369,0.3437942474891904
4370,0.28324317341953614
4371,0.46222877936530865
4372,0.46651768771567714
4373,0.3130972114564219
4374,0.38112600550309295
4375,0.4542598333347391
4376,0.43514805773191556
4377,0.36794085682818317
4378,0.3922498158723576
4379,0.4041813677415485
4380,0.42047708421192426
4381,0.2262941875989799
4382,0.30042856625260156
4383,0.4268810861692317
4384,0.5012789092829977
4385,0.4113891261464966
4386,0.3202506106137997
4387,0.37137931445039035
4388,0.36750568040504317
4389,0.43858372841125476
4390,0.3083856177457954
4391,0.36972398116955574
4392,0.45114424892922583
4393,0.30549272232733804
4394,0.3901817330195456
4395,0.33323638570618497
4396,0.3434955566176415
4397,0.42543484365784634
4398,0.41876080096254853
4399,0.3374130960877882
4400,0.38564254709693224
4401,0.42053609256058405
4402,0.3530235133946097
4403,0.34781840855869395
4404,0.3364762198326788
4405,0.4038607494466767
4406,0.4190082205674194
4407,0.4925973879838626
4408,0.41228976146048296
4409,0.3687599239964868
4410,0.35934008255095395
4411,0.34804256109361553
4412,0.24984048519446583
4413,0.10696902119410988
4414,0.4057165196484184
4415,0.3905587182628422
4416,0.3372455604688226
4417,0.4270481138977625
4418,0.2630921308995511
4419,0.4213052072075559
4420,0.2243039593111257
4421,0.3060017114191528
4422,0.3416280384425627
4423,0.45155559026099024
4424,0.6000439955992085
4425,0.4244552928287789
4426,0.2801490285592307
4427,0.37810077519649643
4428,0.3583291627772317
4429,0.5423225218858598
4430,0.46106700521970384
4431,0.48561978100257186
4432,0.36099245822273746
4433,0.3616151683570687
4434,0.3460082937325621
4435,0.5058148284267692
4436,0.10972413731708121
4437,0.35113907526077737
4438,0.36753036915505927
4439,0.4531578957509681
4440,0.27790203439261724
4441,0.20933505122710874
4442,0.3457155729606579
4443,0.2934530662080315
4444,0.4182664587587881
4445,0.3641884482065667
4446,0.3638559042276775
4447,0.4300454638507439
4448,0.5067817227559138
4449,0.2861646654968844
4450,0.13787569903514765
4451,0.43942057713133065
4452,0.4797476601151783
4453,0.2488835184360102
4454,0.4519307225014079
4455,0.32840859136599915
4456,0.41338364120973614
4457,0.33784796471743495
4458,0.2406881332303016
4459,0.3356410057727852
4460,0.4281905242892841
4461,0.28241776588704465
4462,0.4012189668774598
4463,0.36407467517458886
4464,0.09849594782116676
4465,0.45646150458000867
4466,0.4279664922336163
4467,0.3217395196137786
4468,0.475701625078337
4469,0.4382520305689359
4470,0.22435666627818238
4471,0.4058442763128595
4472,0.448816564874819
4473,0.4243393227633558
4474,0.3752172021744988
4475,0.459278959779952
4476,0.4335415337068281
4477,0.31607921459397675
4478,0.4797040822302364
4479,0.36978531770161455
4480,0.41526120222085017
4481,0.30121415718705974
4482,0.47126529613191226
4483,0.1636967857479275
4484,0.3890533782071212
4485,0.29324182645591684
4486,0.27067667437171933
4487,0.38506546790891594
4488,0.40682168382774453
4489,0.4194094003533009
4490,0.2551238069996648
4491,0.41077764805122263
4492,0.3863446022312716
4493,0.39518919030511834
4494,0.15111133820143197
4495,0.292485662127694
4496,0.42534009520755095
4497,0.5912624079084322
4498,0.4364906701337661
4499,0.3921626163034172
4500,0.57130517296649
4501,0.31247380018676674
4502,0.2836110838366413
4503,0.39896861630653696
4504,0.42335292142735365
4505,0.38583521581893343
4506,0.41082893254576336
4507,0.20711899900363595
4508,0.3802336438669729
4509,0.38292997005548896
4510,0.21852643935569213
4511,0.4279735833077283
4512,0.449297199038829
4513,0.37213239699806805
4514,0.46135532428330894
4515,0.3969833346026134
4516,0.40754810358406984
4517,0.3838946362531846
4518,0.38035668403943157
4519,0.4108983806257206
4520,0.38951902368056973
4521,0.4099818487140443
4522,0.14619260320410438
4523,0.14821765408045287
4524,0.4773343888441567
4525,0.3974824668566438
4526,0.3362051154019245
4527,0.34051169172702495
4528,0.4278732942221356
4529,0.4363172996887437
4530,0.390611706760472
4531,0.4632205396904422
4532,0.42896934303624573
4533,0.40182369528958245
4534,0.4811615898358652
4535,0.3091990705653626
4536,0.356732422354127
4537,0.39752502371305587
4538,0.43360613245378127
4539,0.38074165481629624
4540,0.38548199715682924
4541,0.4255026090469206
4542,0.40089259036799196
4543,0.43451726792911055
4544,0.3668947099987918
4545,0.46263432130933596
4546,0.28580631497602516
4547,0.32921877659532855
4548,0.38634559416902015
4549,0.3585921930478356
4550,0.32745064771139515
4551,0.4248929009545189
4552,0.3842486536448197
4553,0.40175653870480915
4554,0.40290264683634874
4555,0.22472391931242428
4556,0.3690422062653251
4557,0.3790411198203887
4558,0.4768527047120382
4559,0.30064418782784297
4560,0.3429993927031356
4561,0.16499247429016015
4562,0.3395091034014825
4563,0.44430093333129206
4564,0.27164855457423637
4565,0.39031724535710133
4566,0.43143528336081793
4567,0.39333732323351916
4568,0.486150892877411
4569,0.47339362922809874
4570,0.4152728290149771
4571,0.4043617803638987
4572,0.16626249063808177
4573,0.42401914328304896
4574,0.4866074382227792
4575,0.45261549860436756
4576,0.3952994903437872
4577,0.45027239010570796
4578,0.4220522907487358
4579,0.014912928263206452
4580,0.34759679460225945
4581,0.5549310975395506
4582,0.2947102004459251
4583,0.4417464790388031
4584,0.37862988842609063
4585,0.35626817750722073
4586,0.45782597938766123
4587,0.45268297476276964
4588,0.4245123483912071
4589,0.10091803132989127
4590,0.40481145224574805
4591,0.16445437657665296
4592,0.4140742211654284
4593,0.4263692709261123
4594,0.3078597075628399
4595,0.29469623810328693
4596,0.4383543629647967
4597,0.5424065465873384
4598,0.39957708469009207
4599,0.3908821280226237
4600,0.45608939857782826
4601,0.4472931428418798
4602,0.19909034054045666
4603,0.34792650803244674
4604,0.3646209246909724
4605,0.37375338380571
4606,0.3226444902234436
4607,0.2931168023681922
4608,0.3940916939797021
4609,0.46370953892326605
4610,0.2885406729622889
4611,0.5504859199743718
4612,0.49383561855880526
4613,0.3441064655850918
4614,0.3415387976678902
4615,0.5000938817846681
4616,0.16780299120987152
4617,0.36948421830262324
4618,0.2530593479824609
4619,0.459421462409146
4620,0.3623187041037998
4621,0.3777523829637931
4622,0.466574749780147
4623,0.31496376155846334
4624,0.4038365170064206
4625,0.35243327429249083
4626,0.4806708069079733
4627,0.4709416283065906
4628,0.3372011259934106
4629,0.4153121790494084
4630,0.30107736541781044
4631,0.4716901554897424
4632,0.3561376806940704
4633,0.23256863030840688
4634,0.3491575848990274
4635,0.28410253513849004
4636,0.44094274720852406
4637,0.4471183439947884
4638,0.37336094896448857
4639,0.3244598792545928
4640,0.41503542461967724
4641,0.40013579147213024
4642,0.3109751476878396
4643,0.25237879716927336
4644,0.4188670589176371
4645,0.3676059557400897
4646,0.3758989396283069
4647,0.42023864215669154
4648,0.40710295942863234
4649,0.4586685605826999
4650,0.31856346472678226
4651,0.2697141002154978
4652,0.3950847102932643
4653,0.3316331414148586
4654,0.357084586213874
4655,0.3987440211410287
4656,0.3879526402148428
4657,0.3647712083039441
4658,0.33230405375459326
4659,0.40714291524905366
4660,0.21043273356963582
4661,0.3901058969185803
4662,0.31118126124710443
4663,0.3714737277905636
4664,0.32320985888556014
4665,0.589355187133213
4666,0.344766294549066
4667,0.2219433802957651
4668,0.3452101130893453
4669,0.48105515208392935
4670,0.3651715050865898
4671,0.2785952205410542
4672,0.36707176089976723
4673,0.46543353483488825
4674,0.356703910672065
4675,0.360204788549897
4676,0.3255641636172412
4677,0.4269146318338988
4678,0.39579393109047173
4679,0.4799431893322087
4680,0.3177566747173932
4681,0.37264334857746123
4682,0.19231083017082584
4683,0.3123867419993606
4684,0.42271551966426146
4685,0.18985073758512697
4686,0.4019060824752016
4687,0.04843800857685852
4688,0.3197532724525348
4689,0.2045870062091847
4690,0.2225465987692152
4691,0.33928915673465765
4692,0.37168710573450386
4693,0.2669224312431428
4694,0.3752288340646327
4695,0.35109617199005894
4696,0.25986810254035997
4697,0.4419047018278972
4698,0.38870434035324564
4699,0.3675165485191877
4700,0.2607349271304333
4701,0.3292241219184629
4702,0.31757473131025143
4703,0.34344853091818495
4704,0.4535264833682518
4705,0.4829571265938967
4706,0.43810388660346633
4707,0.48087585853362497
4708,0.34763289024046073
4709,0.5124943274683135
4710,0.36214126173110495
4711,0.4032134778674931
4712,0.5378151348850932
4713,0.4931584193379766
4714,0.5547081276920859
4715,0.4998291888851669
4716,0.44273577746373177
4717,0.23096711631233025
4718,0.4824464024965156
4719,0.47667080965131314
4720,0.42436786931357073
4721,0.4170629355558163
4722,0.07350196936531518
4723,0.4517937346357461
4724,0.3651958713552915
4725,0.4316369231359866
4726,0.3498163562697042
4727,0.05308729879848164
4728,0.24527283437861494
4729,0.49321285000733983
4730,0.3919572265278094
4731,0.3847017319050056
4732,0.4696937095841743
4733,0.3383219213290814
4734,0.4326372912293409
4735,0.3514527782991037
4736,0.31623166045628204
4737,0.47724143014908255
4738,0.437308569247233
4739,0.3536926886600698
4740,0.24035533165937742
4741,0.4273798479210954
4742,0.3523303231379062
4743,0.44021492610103524
4744,0.4237574221540651
4745,0.4087797320566196
4746,0.45523895835403905
4747,0.38709766500486964
4748,0.5546821285094777
4749,0.16132990681953416
4750,0.5033521978021598
4751,0.2569114045907807
4752,0.4441921995908347
4753,0.41754753906558695
4754,0.3736399745407862
4755,0.4253375481289993
4756,0.4239812384233669
4757,0.03353599116033551
4758,0.44815521079906784
4759,0.4150337474315659
4760,0.42702657606126676
4761,0.5025009895979099
4762,0.4979380444733262
4763,0.045742187239646064
4764,0.4116246785933991
4765,0.31783467561444856
4766,0.6078420953654716
4767,0.5290143937378468
4768,0.37497999338066
4769,0.32317203731441074
4770,0.3856644152550826
4771,0.47038614262602774
4772,0.39966406595326853
4773,0.4477674900649102
4774,0.36768694571659094
4775,0.36626797514807646
4776,0.18852498514604435
4777,0.5812809036334844
4778,0.35166974484838764
4779,0.3367797309087489
4780,0.42374572858637327
4781,0.47424282050667976
4782,0.07196796516993872
4783,0.4262909034453448
4784,0.09743235454966986
4785,0.32146632414286797
4786,0.46999577903883727
4787,0.38018497954113895
4788,0.4768713406760478
4789,0.527111388749793
4790,0.3546637731895918
4791,0.32361055226681235
4792,0.4641780135622603
4793,0.5581347641978824
4794,0.5365070718443935
4795,0.028927328904992416
4796,0.45195774997041344
4797,0.4359063477840639
4798,0.3300731627569597
4799,0.1886763595811986
4800,0.43668906117867645
4801,0.3558247630891654
4802,0.39973970420597577
4803,0.28794332054595667
4804,0.378775959707632
4805,0.4814531294370875
4806,0.3782580232306047
4807,0.43446098979628006
4808,0.23920396708746317
4809,0.19243805901439756
4810,0.4548482764409889
4811,0.41566728350536963
4812,0.41169278027666806
4813,0.32902713485281465
4814,0.3040242833229108
4815,0.44812456602868
4816,0.359592242295672
4817,0.5675424131123343
4818,0.4661813616013269
4819,0.4579925068485626
4820,0.3829455676530327
4821,0.47469573609340726
4822,0.3990873692681627
4823,0.3505010515136762
4824,0.41815860958863116
4825,0.24718328687311192
4826,0.06506681005459015
4827,0.2640062990387529
4828,0.2118361359694245
4829,0.4110571798864278
4830,0.4329099713922735
4831,0.34353680122645996
4832,0.17079596576946224
4833,0.43445452453454686
4834,0.4158558427765929
4835,0.37069115562613697
4836,0.5430636042997258
4837,0.3917726080887502
4838,0.5428465169106411
4839,0.37497494170463325
4840,0.5726165487081357
4841,0.4655415336884849
4842,0.41126580920251826
4843,0.41803962499429254
4844,0.4291974829875175
4845,0.4852382968146644
4846,0.4754547856997492
4847,0.4508407058929714
4848,0.41774202214440703
4849,0.2492727022684369
4850,0.4047273519191965
4851,0.3343507111363245
4852,0.25850880834286927
4853,0.5633873123369711
4854,0.38067120185243136
4855,0.4064199626559637
4856,0.40464271004456176
4857,0.24435264716949007
4858,0.4997886983446927
4859,0.452686152825273
4860,0.3773584178757463
4861,0.5028012085271973
4862,0.5814314361522709
4863,0.38907764913122134
4864,0.4569470858266577
4865,0.34480992734802274
4866,0.42547053751903363
4867,0.1905074200919601
4868,0.2554329253313889
4869,0.449316523946343
4870,0.29244663157831186
4871,0.4323095213945058
4872,0.38040663691313054
4873,0.4157541341655404
4874,0.45879087970705235
4875,0.453048290968205
4876,0.44473605805606514
4877,0.46527593111859417
4878,0.33552882104159015
4879,0.4214703786269596
4880,0.32015487020935024
4881,0.48623862779733656
4882,0.5304174087442266
4883,0.4209013720058578
4884,0.3844362450808796
4885,0.2890170910296063
4886,0.43199716293891927
4887,0.31105064824080186
4888,0.36424924294714556
4889,0.21101841423025613
4890,0.4168246410181724
4891,0.1861766862015054
4892,0.4441880765897667
4893,0.37546847844408165
4894,0.3779816803180355
4895,0.45947042144536376
4896,0.3452812816151176
4897,0.5138031280914213
4898,0.31801048303373947
4899,0.2386934535296354
4900,0.33749730497319763
4901,0.42137824613370345
4902,0.4451432926051919
4903,0.23216177839764696
4904,0.5090160425175249
4905,0.5518640372449592
4906,0.5095017411298833
4907,0.3959021440305651
4908,0.17733382691699803
4909,0.41209438047145647
4910,0.24109633225163654
4911,0.3595481410249245
4912,0.5843419312529068
4913,0.5779204432866072
4914,0.5182315325229291
4915,0.1752594135462854
4916,0.3316629968944539
4917,0.3291630367872601
4918,0.3703969007352625
4919,0.3941105321077853
4920,0.4716473123652019
4921,0.45681100705480926
4922,0.3859225543083503
4923,0.18575382346180588
4924,0.23463541985429995
4925,0.31312658620475653
4926,0.5345221676280802
4927,0.3083184544258979
4928,0.19256641047817968
4929,0.22460459866792956
4930,0.37985870460166493
4931,0.414005091298109
4932,0.3657998549856756
4933,0.1269410504101394
4934,0.525362835384523
4935,0.4171290447148416
4936,0.33891986798855184
4937,0.3333737072703501
4938,0.4108748797550697
4939,0.38571224805031923
4940,0.5024525381817242
4941,0.38396137668130026
4942,0.21104704846503144
4943,0.37488817804175073
4944,0.38313876969608135
4945,0.3712988706904389
4946,0.5034633906339997
4947,0.3337934964894311
4948,0.4541998590166235
4949,0.174495592714038
4950,0.5992199134234354
4951,0.38917125756002346
4952,0.1815185954848688
4953,0.3356960540245995
4954,0.44329488181400983
4955,0.5493568575275994
4956,0.43213569262770635
4957,0.34554567739090475
4958,0.40944039584811165
4959,0.3712596169614564
4960,0.19661375496113023
4961,0.38057360733317414
4962,0.4172314658088114
4963,0.43832331310225153
4964,0.37962153522285835
4965,0.4140025701904319
4966,0.5578094913426089
4967,0.38561818582862645
4968,0.3909730497826076
4969,0.3203855940651832
4970,0.3447761493558377
4971,0.43698887730950503
4972,0.4002950115940128
4973,0.41497900159114065
4974,0.35953427738072946
4975,0.40357509117953094
4976,0.34921235988938254
4977,0.20232003358918677
4978,0.4021030657463147
4979,0.5428772743655551
4980,0.2829279317581685
4981,0.1756185497837959
4982,0.30355945734229794
4983,0.4575345776380095
4984,0.38951704334685466
4985,0.437191932278467
4986,0.3236184932697202
4987,0.43616969218218365
4988,0.3517031522863675
4989,0.3903518014114254
4990,0.3894776260762855
4991,0.4408841652541811
4992,0.3289793684532824
4993,0.21525248280620468
4994,0.3946927690478136
4995,0.38030001661966256
4996,0.34120591638279224
4997,0.4467446004901953
4998,0.43860096275460203
4999,0.4306856551299295
5000,0.41635530698661266
5001,0.4851978490406531
5002,0.3407548144696341
5003,0.306613356422665
5004,0.3749783618011514
5005,0.20690736405278615
5006,0.36446071206197006
5007,0.4176335133511771
5008,0.32660428399854813
5009,0.41789414094659344
5010,0.4705091954139785
5011,0.5824597302957751
5012,0.32845129282538266
5013,0.47262437867775775
5014,0.30726430648833336
5015,0.1846731915042706
5016,0.5887142395688463
5017,0.4444839724267433
5018,0.1906946529238886
5019,0.41407313950244456
5020,0.43290307330130706
5021,0.21019976936452273
5022,0.5865802119535812
5023,0.4407828531905801
5024,0.4003713690731746
5025,0.40177337035341487
5026,0.43317822639470394
5027,0.4076916128376382
5028,0.28184310811616253
5029,0.4225380650557388
5030,0.43621072824878776
5031,0.25712384510511593
5032,0.5744148552537575
5033,0.44131136580865055
5034,0.3645496506369264
5035,0.40832130133767197
5036,0.49285635567029357
5037,0.3814110227364841
5038,0.3421358406686754
5039,0.42162478276996895
5040,0.4334664959518019
5041,0.3493035938892474
5042,0.24497804624226158
5043,0.4087618962900677
5044,0.5490311017977517
5045,0.39247124882726364
5046,0.2774273359627559
5047,0.24062937719157196
5048,0.4644074819554934
5049,0.4260824214792444
5050,0.3763325921668592
5051,0.3756172008239463
5052,0.4736218334635147
5053,0.42632781361388195
5054,0.5635560732026137
5055,0.4795569680459534
5056,0.4397251899413997
5057,0.44277712157189153
5058,0.45799579129929113
5059,0.34089401859782203
5060,0.4602348314445195
5061,0.2633650708510187
5062,0.3164357408153985
5063,0.47155996714310333
5064,0.3129505686177981
5065,0.266989030757756
5066,0.29575543510161234
5067,0.3644131397195078
5068,0.25123150751278767
5069,0.3184392226490153
5070,0.34115168723439565
5071,0.5794015628599177
5072,0.08620100758844865
5073,0.4610721162572203
5074,0.3387063361545993
5075,0.35986387628342376
5076,0.37730788270329724
5077,0.49234020392621447
5078,0.3094637922115981
5079,0.4409179467189013
5080,0.18623078643212224
5081,0.49674441042037937
5082,0.32098259510879423
5083,0.32387952589558955
5084,0.42449300882276375
5085,0.47155084723050456
5086,0.3302597112191472
5087,0.3734871030178735
5088,0.4427456295894255
5089,0.4068215223804244
5090,0.3887759614353546
5091,0.44803769210107014
5092,0.45364492900366754
5093,0.3515478505648153
5094,0.5137975378149595
5095,0.4616449415057933
5096,0.270542826077823
5097,0.3447292716653242
5098,0.44954192061683146
5099,0.30708587659160247
5100,0.4262092083079823
5101,0.14287639234823793
5102,0.2696316245313816
5103,0.32455146558263526
5104,0.41894913633450703
5105,0.38112087228951536
5106,0.4823981739623642
5107,0.3677770035268597
5108,0.42939452879934376
5109,0.49002269682375604
5110,0.4333597434857626
5111,0.464884800715394
5112,0.4203577271144908
5113,0.41715017751688616
5114,0.2853934389575149
5115,0.4352217603212756
5116,0.27726071965520027
5117,0.2900953601421885
5118,0.3186362191588523
5119,0.1760317315650945
5120,0.45172290696195855
5121,0.3429074989677935
5122,0.4389403459153064
5123,0.4175273161061803
5124,0.5575858317941798
5125,0.1621975881690235
5126,0.199393689629797
5127,0.46669329744443266
5128,0.4501521121942516
5129,0.2882864455089166
5130,0.4004883833139077
5131,0.31520324146697143
5132,0.24145437511579398
5133,0.3832125427439555
5134,0.4656291358259616
5135,0.2633742305256706
5136,0.03381647600191936
5137,0.41122227721875076
5138,0.4083571539379984
5139,0.37407199526869633
5140,0.4345708553590426
5141,0.47137168355095066
5142,0.42228313535074435
5143,0.3654579099229782
5144,0.5264262868517826
5145,0.40910885316149986
5146,0.4041593129379561
5147,0.4962888926385464
5148,0.5909165800847744
5149,0.53678535167263
5150,0.195868806936538
5151,0.4617407387904983
5152,0.47031325850988903
5153,0.3217411264018353
5154,0.37084347151329244
5155,0.22194693354007575
5156,0.2875055842595098
5157,0.35414206625173417
5158,0.19541775985436013
5159,0.3517086672041624
5160,0.4658455718164908
5161,0.21483136836148767
5162,0.3986010526128481
5163,0.3849775806283703
5164,0.3384423049600205
5165,0.4204562776105761
5166,0.431198052137015
5167,0.14903803940634724
5168,0.2952618183973871
5169,0.5852966352524004
5170,0.39096287126256724
5171,0.3494468797693944
5172,0.30757111267488474
5173,0.5024311797647893
5174,0.47651389462317906
5175,0.45868896905076717
5176,0.34573452539363153
5177,0.3192591079627935
5178,0.47012148587548674
5179,0.501732544720758
5180,0.4050977366256802
5181,0.46764480437577616
5182,0.40364143930692853
5183,0.4235067372626711
5184,0.36402975319358005
5185,0.29223717871302285
5186,0.5019042639364267
5187,0.42886047553448003
5188,0.41671413354202663
5189,0.46745584344543933
5190,0.21424865989664507
5191,0.35700875089580636
5192,0.17863402851867322
5193,0.4042820014850111
5194,0.4637378895193835
5195,0.34577156814444643
5196,0.4608024879878117
5197,0.10291657971489322
5198,0.49477859871963553
5199,0.3804174918369514
5200,0.5483108363446872
5201,0.4271967228753885
5202,0.3608750253544254
5203,0.3703272628300115
5204,0.38111026913788226
5205,0.3709727371517313
5206,0.3529428976450279
5207,0.3998457659791972
5208,0.4548771464680989
5209,0.2534404549974961
5210,0.3086409065137897
5211,0.418779420774285
5212,0.3839685342368322
5213,0.4038291961904839
5214,0.40945911580883965
5215,0.4127232523925516
5216,0.32216118113042885
5217,0.35364399135081165
5218,0.4186910306797529
5219,0.41704217675147137
5220,0.49682221583219033
5221,0.44319300900858893
5222,0.4437790019815932
5223,0.41582514133039306
5224,0.06546324559468499
5225,0.3629214014711797
5226,0.40883905731861114
5227,0.12448058289726566
5228,0.34687335490399873
5229,0.34992959501172566
5230,0.3255505150313396
5231,0.393112227684167
5232,0.4664824099279121
5233,0.5258938892484838
5234,0.4069054675681861
5235,0.43849549017395356
5236,0.14538541691294152
5237,0.39950040036533296
5238,0.44077818485096504
5239,0.05618534020447854
5240,0.3064901182475029
5241,0.3957927317618892
5242,0.4188699036081421
5243,0.3255140692999535
5244,0.23824372184144554
5245,0.3054974022763512
5246,0.5377715888174409
5247,0.3122100185113857
5248,0.44364042432497863
5249,0.34660600028450284
5250,0.48076176457427305
5251,0.33722927367385236
5252,0.21454478462361268
5253,0.308184137346659
5254,0.5234625024770198
5255,0.19779582206258414
5256,0.46001768608546717
5257,0.3441251405680866
5258,0.45041287688270004
5259,0.3920717265596563
5260,0.3942675862823149
5261,0.4183154524965731
5262,0.20740255270809044
5263,0.25988961512539965
5264,0.4637723531569065
5265,0.401041207049975
5266,0.4204131602805088
5267,0.23337015942973838
5268,0.5036900045295268
5269,0.30245727400803135
5270,0.39483733670741283
5271,0.3499079689716909
5272,0.41784866634205975
5273,0.40043500663582926
5274,0.2888750150566635
5275,0.35403548406279634
5276,0.42237536847062945
5277,0.023310911354148887
5278,0.26247391434999545
5279,0.39540126439819084
5280,0.40526950298751635
5281,0.3389130417818397
5282,0.38216054511484293
5283,0.20427498164083072
5284,0.3586718628050671
5285,0.19017163241108673
5286,0.4417369671649147
5287,0.4456829445765873
5288,0.33307176986925496
5289,0.38210198234396575
5290,0.26918845783053136
5291,0.382683567718593
5292,0.34087229975356764
5293,0.4040990758047175
5294,0.5060883601325719
5295,0.005969135198364911
5296,0.3529431185365874
5297,0.4197457259400902
5298,0.40295047686866226
5299,0.3417777716586096
5300,0.2568491046532265
5301,0.36860140703387984
5302,0.21647641611461524
5303,0.5152776285605888
5304,0.4101886220378898
5305,0.3843611577206799
5306,0.31251650896142646
5307,0.30540478228991286
5308,0.4256809777899413
5309,0.3690202399617497
5310,0.3358256825302733
5311,0.4948241990666693
5312,0.2899971076258055
5313,0.2722520841995747
5314,0.5438012641344028
5315,0.30684911040914836
5316,0.3276012141131291
5317,0.07141050035963936
5318,0.5132315839078618
5319,0.37474960699282905
5320,0.34702839607554725
5321,0.38565190454702525
5322,0.21379649784253327
5323,0.42240493322956535
5324,0.4628855846361054
5325,0.3890253969425479
5326,0.4468688273201303
5327,0.45007775184942156
5328,0.3365905824259945
5329,0.41082593744373735
5330,0.4310838138503279
5331,0.2671892021423967
5332,0.39419356135965944
5333,0.23401330228002362
5334,0.45108769708309604
5335,0.3218565413600739
5336,0.4890846201169798
5337,0.386954306131855
5338,0.3311200657666281
5339,0.35858515067809904
5340,0.2228870665189733
5341,0.3403924573311866
5342,0.3629891059149506
5343,0.3689135876614302
5344,0.5298461305088645
5345,0.38354368017176094
5346,0.45653813913684926
5347,0.388576751662782
5348,0.1287845969045344
5349,0.35118272798398475
5350,0.2669684121900263
5351,0.3197277339083971
5352,0.46171813592203764
5353,0.4118356121424782
5354,0.5229754244572605
5355,0.5755108003497119
5356,0.3859257423580945
5357,0.4708049923408705
5358,0.4492051595428679
5359,0.30926447763628795
5360,0.47911992638090956
5361,0.4095946554223885
5362,0.4093287870880556
5363,0.5409708532693828
5364,0.38181266048327056
5365,0.48718338759830404
5366,0.4363446280773773
5367,0.4542365826491916
5368,0.39958507275302063
5369,0.251017088007789
5370,0.31417800661181183
5371,0.44370930852947577
5372,0.3954269356491724
5373,0.4875768786415861
5374,0.3014379181441644
5375,0.17467300383540052
5376,0.5363719021630173
5377,0.49984917551277314
5378,0.37945824370433306
5379,0.13926527055306903
5380,0.453505571595838
5381,0.43212192452740433
5382,0.3250913517651631
5383,0.14239158792596118
5384,0.4593802986652494
5385,0.27217295259171187
5386,0.4153367074077801
5387,0.45981994016425803
5388,0.3905863343845521
5389,0.4306490417879249
5390,0.4369456327929563
5391,0.2703590996588368
5392,0.4104356898165768
5393,0.21591063693219534
5394,0.36279895433215203
5395,0.4278173085606997
5396,0.3959264301267259
5397,0.2949183183291622
5398,0.07798316311501811
5399,0.2958336793523291
5400,0.19012337345040062
5401,0.5253146739588266
5402,0.41066570750389114
5403,0.08507559055800165
5404,0.45104909238239854
5405,0.28055614868636286
5406,0.37011603735861265
5407,0.2861791313374004
5408,0.0449717825462784
5409,0.39338494009745184
5410,0.5102836845876627
5411,0.5523098417733516
5412,0.4266124816046911
5413,0.1256284851047246
5414,0.1021114842060389
5415,0.39751228676235584
5416,0.4205448282949785
5417,0.36010691495220726
5418,0.43477776080541114
5419,0.36094834417985355
5420,0.5810541816206582
5421,0.10822800286283893
5422,0.3685480830847426
5423,0.27034086014539094
5424,0.45112123232701484
5425,0.3944832577746185
5426,0.42007387142671077
5427,0.4907640739816093
5428,0.36640876924328897
5429,0.4099800397424733
5430,0.33123219092751455
5431,0.3403094508140845
5432,0.29928313466632495
5433,0.3422105497699898
5434,0.4650990400411289
5435,0.19380616601274087
5436,0.22767377228207578
5437,0.4475970236123303
5438,0.3749109313775545
5439,0.3565573846342787
5440,0.5245880094505162
5441,0.30541482883206944
5442,0.4135167897866681
5443,0.35361385871408896
5444,0.3722427500523794
5445,0.25017538077108614
5446,0.23542776125147916
5447,0.11649807629718648
5448,0.4604212796941585
5449,0.4741614555109378
5450,0.49126102398034294
5451,0.3688620012382054
5452,0.41453014956027406
5453,0.42982474178643154
5454,0.31053513433729407
5455,0.08035519432525759
5456,0.45050754357009
5457,0.20138872270661023
5458,0.35306989836222535
5459,0.37672256434931406
5460,0.5973075456758827
5461,0.43654695849911096
5462,0.5183475068524211
5463,0.38301094021678495
5464,0.2928725880970172
5465,0.4023325948141415
5466,0.19066805807010262
5467,0.18610825103212414
5468,0.34230971653608433
5469,0.4529404677913038
5470,0.40320645780755043
5471,0.4161454432777452
5472,0.31807583540410417
5473,0.4631245964341358
5474,0.25298563576504285
5475,0.2552140544983093
5476,0.33700833112063233
5477,0.24554270922804206
5478,0.41203662227105864
5479,0.15187752406833013
5480,0.29969360793754585
5481,0.4779412506776118
5482,0.36381817288945983
5483,0.3351649430591979
5484,0.32679637666654954
5485,0.4596503010315748
5486,0.31413078888542134
5487,0.32620532275057273
5488,0.38115892093032916
5489,0.40259917860966304
5490,0.5158351060837947
5491,0.40768865957329453
5492,0.3414571915458108
5493,0.19345592297965303
5494,0.33396593132999397
5495,0.41250104354478595
5496,0.47153245648785314
5497,0.48671869373081084
5498,0.40311544557654055
5499,0.3653513451962624
5500,0.4170927516732437
5501,0.5619287438287133
5502,0.45668797450589754
5503,0.22183179545967258
5504,0.27442821020247354
5505,0.43798380239621804
5506,0.3320906995689766
5507,0.48961716129175714
5508,0.5080114528726147
5509,0.4107251293771499
5510,0.3854439184701421
5511,0.424226578326873
5512,0.44841862912988945
5513,0.43728693550650277
5514,0.323635596777461
5515,0.3271432012137028
5516,0.3652640494544668
5517,0.43348235986398753
5518,0.45706668464659683
5519,0.5087820666302877
5520,0.423348881672913
5521,0.09718188114212474
5522,0.46193390329671186
5523,0.5915690832285305
5524,0.3894731803192624
5525,0.407008906021872
5526,0.41581772223487196
5527,0.2898479016304452
5528,0.47748673148548876
5529,0.4029467567768051
5530,0.43904840311631266
5531,0.4214068357888209
5532,0.46715542966178664
5533,0.4958999623596432
5534,0.3571764748198113
5535,0.05701473993292634
5536,0.25438704874143714
5537,0.32107776778980524
5538,0.3990038630202723
5539,0.5153304512264388
5540,0.41959312004715504
5541,0.36501176800828944
5542,0.4163681571768503
5543,0.2348548919016573
5544,0.3828913003090533
5545,0.4109664787560632
5546,0.34162119692846615
5547,0.364946340847412
5548,0.3085228056730713
5549,0.14811671140344337
5550,0.36699180918529273
5551,0.388163180817157
5552,0.31661046251312785
5553,0.41212256990088597
5554,0.40377201442516086
5555,0.26675679910815453
5556,0.34506196698290886
5557,0.42360884156139295
5558,0.3515567756370169
5559,0.42366857080983517
5560,0.33176781526351995
5561,0.4346774635528343
5562,0.3769336559376848
5563,0.30575250014795613
5564,0.419205394222791
5565,0.41110044281435504
5566,0.4187582368859231
5567,0.3721968298649959
5568,0.24778661906241903
5569,0.4395268178796392
5570,0.4644934106216095
5571,0.4161340626885722
5572,0.3214677164595982
5573,0.4114918925451525
5574,0.32128267369573443
5575,0.4175575678998508
5576,0.39698888375741603
5577,0.22113911696691158
5578,0.41211028091609747
5579,0.44828074267045137
5580,0.46517425481179375
5581,0.26365090000152336
5582,0.5240687125498501
5583,0.2753414447590332
5584,0.4272379868366015
5585,0.3611089594758969
5586,0.36451679500419676
5587,0.38943120515941065
5588,0.3076032622030489
5589,0.37694214496926354
5590,0.48291475664788935
5591,0.4065469306046543
5592,0.3675965144042673
5593,0.3721353490552646
5594,0.35628431421855017
5595,0.4328850035582329
5596,0.5417998186233193
5597,0.42347022231809367
5598,0.07391414699479651
5599,0.39904629070782527
5600,0.43139082345007307
5601,0.36873468234050105
5602,0.1660022495785084
5603,0.47499771790454587
5604,0.38742118632565986
5605,0.5334068424973016
5606,0.46326803413241086
5607,0.13676326545190315
5608,0.32553341898879257
5609,0.4606667776184653
5610,0.4817850747204283
5611,0.2723328451440216
5612,0.42215493780392854
5613,0.35198298779532816
5614,0.4633321816289591
5615,0.24123956853987139
5616,0.41400411331947023
5617,0.3887936989207594
5618,0.44263198238603935
5619,0.3729281315582999
5620,0.390779977904729
5621,0.40965692868291675
5622,0.46486087630629974
5623,0.17814329418525002
5624,0.26509216267038394
5625,0.3282240490759843
5626,0.33231934071072833
5627,0.184352501011431
5628,0.41517558699715823
5629,0.4236488861537498
5630,0.46345946321383164
5631,0.2998317628390331
5632,0.3954548739994247
5633,0.30102991376220267
5634,0.17940283850382102
5635,0.26295489450837267
5636,0.41038182255827144
5637,0.36217210323084287
5638,0.46829601567624046
5639,0.41191210919753557
5640,0.4722326584649575
5641,0.35034574089706294
5642,0.2581975399357547
5643,0.2770582781860125
5644,0.4471402185088098
5645,0.3889916761853313
5646,0.4558758659597117
5647,0.4291730430520553
5648,0.20688396645161478
5649,0.38854302611095376
5650,0.18928641423437795
5651,0.36970352326309536
5652,0.4514690005269906
5653,0.35448667754560853
5654,0.3973186157524056
5655,0.44288558870518074
5656,0.4680781900503657
5657,0.3802521050731798
5658,0.21341180739170248
5659,0.4770985353538623
5660,0.013635920838637799
5661,0.3378460302417084
5662,0.38880272348636846
5663,0.3750774553343683
5664,0.545937805534006
5665,0.43184191912299386
5666,0.38933142636392704
5667,0.43543844457320585
5668,0.07321704600199601
5669,0.33660215358708034
5670,0.18552579843925623
5671,0.3557269469413814
5672,0.3436752953693566
5673,0.17655565021760025
5674,0.41041483714765764
5675,0.3904608871989977
5676,0.1440610661900846
5677,0.41444388197857945
5678,0.4295302126121008
5679,0.42142073285429943
5680,0.3449974562039265
5681,0.41321665167365484
5682,0.13416588778316724
5683,0.11954402867554541
5684,0.4114212629966928
5685,0.4180542844205751
5686,0.4047595678914809
5687,0.49054176907242497
5688,0.4860285702964893
5689,0.3823126552004604
5690,0.5535431559868771
5691,0.40179829802626604
5692,0.4642451880083442
5693,0.38140181862340766
5694,0.36786610715421864
5695,0.4754339672025085
5696,0.4340969623023797
5697,0.3374429372200198
5698,0.5200537725831741
5699,0.4092480740036175
5700,0.4444071708863579
5701,0.3923328925033609
5702,0.4343672485310771
5703,0.4391668878696133
5704,0.13938723800271707
5705,0.43309295585071966
5706,0.5350615798369314
5707,0.41311706234991313
5708,0.40790873708661884
5709,0.5260358722944151
5710,0.5073694153714502
5711,0.3936507587524612
5712,0.3484277679776369
5713,0.39741652060344573
5714,0.46478121614009116
5715,0.45111754807375404
5716,0.3800983456311377
5717,0.370831122738389
5718,0.3163871964916553
5719,0.46211786592754583
5720,0.1149550893437085
5721,0.39538242253156614
5722,0.19119368743147372
5723,0.26537149433597756
5724,0.16838312119363968
5725,0.22072028696248935
5726,0.2790179922777514
5727,0.0028710837309881073
5728,0.38941054754785104
5729,0.21054544899825908
5730,0.3871483820700404
5731,0.3473102329158238
5732,0.4624776759413026
5733,0.4057352791348543
5734,0.4890462695857388
5735,0.27082313182877576
5736,0.4032417563322277
5737,0.4613940710764171
5738,0.37391659430166563
5739,0.3674931048455027
5740,0.3639696808546996
5741,0.3979826257850642
5742,0.35850854165965235
5743,0.42719795496729895
5744,0.33993078659158815
5745,0.392436033408637
5746,0.3750117613879861
5747,0.32025331008507013
5748,0.3303590005340455
5749,0.3801059345770106
5750,0.3825218733537382
5751,0.48923971640336544
5752,0.43345169620138324
5753,0.39313632630665063
5754,0.49315739673717895
5755,0.2607506940731034
5756,0.2799810986410637
5757,0.44991823379841345
5758,0.32332297978029284
5759,0.4402613064066111
5760,0.3690280088620739
5761,0.26982830496188936
5762,0.37094734057308987
5763,0.2906994933728113
5764,0.3669907080385023
5765,0.420991175219689
5766,0.20619863176625303
5767,0.35573247834707344
5768,0.43884324786401324
5769,0.50902805854623
5770,0.5824611670991768
5771,0.4518131731820282
5772,0.3295115945478498
5773,0.23845356380280464
5774,0.5427414242384999
5775,0.3838574909090122
5776,0.3658420756841356
5777,0.5482739905029563
5778,0.3905699533537491
5779,0.41600410461130305
5780,0.37078037311979645
5781,0.3892686184068343
5782,0.48923339910974384
5783,0.32848683891553043
5784,0.25460240988395294
5785,0.31201112686150817
5786,0.3509890574677994
5787,0.445116181982486
5788,0.5226996425872947
5789,0.12651117514739843
5790,0.3246500479440023
5791,0.38468238192958
5792,0.4056456152293104
5793,0.44601591419430603
5794,0.4040048786935712
5795,0.32995232982604034
5796,0.39480935814261964
5797,0.4077012215620122
5798,0.40397017646040695
5799,0.4803596692051621
5800,0.2993001136310999
5801,0.1443131436877906
5802,0.3555877729070438
5803,0.1671460562781267
5804,0.4142147639436965
5805,0.459599338784532
5806,0.41391438416747534
5807,0.4231187829705142
5808,0.39518279010978546
5809,0.42485097725724613
5810,0.4106038947923722
5811,0.33944205135171956
5812,0.47390121281358527
5813,0.394142770648481
5814,0.41766169138777204
5815,0.3429964170848691
5816,0.3332672722876342
5817,0.4198624160769132
5818,0.3993049732253237
5819,0.4004319908242507
5820,0.4690808036855382
5821,0.4730381010360607
5822,0.4729817134322613
5823,0.2866102107768699
5824,0.39112609302126433
5825,0.35539529055470864
5826,0.4524859899169008
5827,0.4590628359739668
5828,0.3810770465698431
5829,0.13836421231902163
5830,0.5298714203111468
5831,0.44779737001971154
5832,0.4309714473497045
5833,0.4317805560800129
5834,0.42553814853165955
5835,0.3807580492385031
5836,0.5736940052187124
5837,0.4395815066780203
5838,0.5110225616242519
5839,0.4463816497970826
5840,0.4410415340651532
5841,0.5305390190600477
5842,0.43278779423734565
5843,0.4488154451160637
5844,0.2778067994029116
5845,0.5014980396483661
5846,0.27995326736953025
5847,0.39277452938357993
5848,0.5089100184513853
5849,0.31720962511815887
5850,0.3649948383610407
5851,0.41577693006679695
5852,0.35209002595335986
5853,0.27920819567291366
5854,0.325842927285724
5855,0.4258373449873739
5856,0.36764554220309303
5857,0.10576750965386608
5858,0.22022569289909005
5859,0.4711373922893131
5860,0.4432151455288575
5861,0.2813981726499411
5862,0.1755945440483874
5863,0.20403074713826577
5864,0.5543263729966647
5865,0.38742469649499484
5866,0.48804206255648197
5867,0.3058173656148282
5868,0.4942637518936758
5869,0.521995693048585
5870,0.4103781369573565
5871,0.4443991785546098
5872,0.3344680608465587
5873,0.40358745720613287
5874,0.24222112177249394
5875,0.40907869976723416
5876,0.43995207649365964
5877,0.43295153795982755
5878,0.4709257308692834
5879,0.43431788844081165
5880,0.596188541646708
5881,0.5885267401869783
5882,0.3321129883692136
5883,0.2672874401047834
5884,0.3094720589602699
5885,0.3291398123567553
5886,0.22800237290298123
5887,0.5269849058590189
5888,0.09562403033683961
5889,0.5781718790110622
5890,0.4327762551054955
5891,0.4322943321383595
5892,0.44434552617298706
5893,0.36872872686484975
5894,0.4360103212126549
5895,0.376403328567846
5896,0.47085682743909807
5897,0.27924803031770346
5898,0.12164831707545523
5899,0.31103022047415
5900,0.2294864755344432
5901,0.37566337948341194
5902,0.39398839339427055
5903,0.41484251531657185
5904,0.25763895706925344
5905,0.46747809389416417
5906,0.3917962834723238
5907,0.4676759215823161
5908,0.42702150662113764
5909,0.3215515169589491
5910,0.40963700954090065
5911,0.3699750783088317
5912,0.41026825266084704
5913,0.404258815501264
5914,0.4398253377408618
5915,0.3789726829749862
5916,0.44174699390942035
5917,0.5028184181300978
5918,0.5505906301380598
5919,0.5446782496896226
5920,0.20835867284214266
5921,0.1433262394384646
5922,0.41661511961292663
5923,0.4165212457924919
5924,0.45107564215206
5925,0.2044554221548025
5926,0.4113891905407332
5927,0.383812348133187
5928,0.35073159502338513
5929,0.16496137202156516
5930,0.3970180491327574
5931,0.3785231509472916
5932,0.41517114831465435
5933,0.08869936887886416
5934,0.408959236021542
5935,0.37623698210297113
5936,0.3120486854189951
5937,0.26588254661949895
5938,0.3289535583615719
5939,0.5212064216456025
5940,0.3239901588972409
5941,0.3985994175654894
5942,0.3361751445771954
5943,0.5189393396655826
5944,0.2882304957442558
5945,0.21980649846847367
5946,0.0722416473974537
5947,0.18676860794743264
5948,0.5514896894639704
5949,0.432083653325718
5950,0.4656968118538232
5951,0.4154510964586427
5952,0.4312481306363086
5953,0.31335023297460135
5954,0.24095402715609363
5955,0.37116472267885836
5956,0.44735941939553114
5957,0.3816904594790269
5958,0.4147393736456973
5959,0.34300989452655634
5960,0.4470288061946577
5961,0.3248866889007769
5962,0.48460359149749677
5963,0.2830767503918177
5964,0.5345034286830534
5965,0.20319503808518005
5966,0.5767930038747248
5967,0.4275837509549996
5968,0.47632753747235057
5969,0.4917926854777006
5970,0.42098051263570335
5971,0.5478823645130192
5972,0.3820086932014142
5973,0.33309735319849276
5974,0.5242687183224034
5975,0.43429421995561435
5976,0.3742674629444923
5977,0.491421395477751
5978,0.43906805371764185
5979,0.45151846200138795
5980,0.3825094086099411
5981,0.4319202658584355
